sex	decade	name	pct
M	1900	William	1.9801980198019802
M	1910	John	1.9801980198019802
M	1920	John	1.9801980198019802
M	1930	John	1.9801980198019802
M	1940	John	1.9801980198019802
M	1950	David	1.9801980198019802
M	1960	David	1.9801980198019802
M	1970	Paul	1.9801980198019802
M	1980	Christopher	1.9801980198019802
M	1990	Thomas	1.9801980198019802
M	1900	John	1.9603960396039604
M	1910	William	1.9603960396039604
M	1920	William	1.9603960396039604
M	1930	Peter	1.9603960396039604
M	1940	David	1.9603960396039604
M	1950	John	1.9603960396039604
M	1960	Paul	1.9603960396039604
M	1970	Mark	1.9603960396039604
M	1980	James	1.9603960396039604
M	1990	James	1.9603960396039604
M	1900	George	1.9405940594059405
M	1910	George	1.9405940594059405
M	1920	George	1.9405940594059405
M	1930	William	1.9405940594059405
M	1940	Michael	1.9405940594059405
M	1950	Stephen	1.9405940594059405
M	1960	Andrew	1.9405940594059405
M	1970	David	1.9405940594059405
M	1980	David	1.9405940594059405
M	1990	Jack	1.9405940594059405
M	1900	Thomas	1.9207920792079207
M	1910	Thomas	1.9207920792079207
M	1920	James	1.9207920792079207
M	1930	Brian	1.9207920792079207
M	1940	Peter	1.9207920792079207
M	1950	Michael	1.9207920792079207
M	1960	Mark	1.9207920792079207
M	1970	Andrew	1.9207920792079207
M	1980	Daniel	1.9207920792079207
M	1990	Daniel	1.9207920792079207
M	1900	Arthur	1.900990099009901
M	1910	James	1.900990099009901
M	1920	Thomas	1.900990099009901
M	1930	David	1.900990099009901
M	1940	Robert	1.900990099009901
M	1950	Peter	1.900990099009901
M	1960	John	1.900990099009901
M	1970	Richard	1.900990099009901
M	1980	Michael	1.900990099009901
M	1990	Matthew	1.900990099009901
M	1900	James	1.881188118811881
M	1910	Arthur	1.881188118811881
M	1920	Ronald	1.881188118811881
M	1930	James	1.881188118811881
M	1940	Anthony	1.881188118811881
M	1950	Robert	1.881188118811881
M	1960	Michael	1.881188118811881
M	1970	Christopher	1.881188118811881
M	1980	Matthew	1.881188118811881
M	1990	Ryan	1.881188118811881
M	1900	Charles	1.8613861386138615
M	1910	Frederick	1.8613861386138615
M	1920	Kenneth	1.8613861386138615
M	1930	Michael	1.8613861386138615
M	1940	Brian	1.8613861386138615
M	1950	Paul	1.8613861386138615
M	1960	Stephen	1.8613861386138615
M	1970	James	1.8613861386138615
M	1980	Andrew	1.8613861386138615
M	1990	Joshua	1.8613861386138615
M	1900	Frederick	1.8415841584158417
M	1910	Albert	1.8415841584158417
M	1920	Robert	1.8415841584158417
M	1930	Ronald	1.8415841584158417
M	1940	Alan	1.8415841584158417
M	1950	Alan	1.8415841584158417
M	1960	Ian	1.8415841584158417
M	1970	Simon	1.8415841584158417
M	1980	Richard	1.8415841584158417
M	1990	Luke	1.8415841584158417
M	1900	Albert	1.8217821782178218
M	1910	Charles	1.8217821782178218
M	1920	Arthur	1.8217821782178218
M	1930	Kenneth	1.8217821782178218
M	1940	William	1.8217821782178218
M	1950	Christopher	1.8217821782178218
M	1960	Robert	1.8217821782178218
M	1970	Michael	1.8217821782178218
M	1980	Paul	1.8217821782178218
M	1990	Samuel	1.8217821782178218
M	1900	Ernest	1.801980198019802
M	1910	Robert	1.801980198019802
M	1920	Frederick	1.801980198019802
M	1930	George	1.801980198019802
M	1940	James	1.801980198019802
M	1950	Richard	1.801980198019802
M	1960	Richard	1.801980198019802
M	1970	Matthew	1.801980198019802
M	1980	Mark	1.801980198019802
M	1990	Jordan	1.801980198019802
M	1900	Alfred	1.7821782178217822
M	1910	Edward	1.7821782178217822
M	1920	Peter	1.7821782178217822
M	1930	Robert	1.7821782178217822
M	1940	Richard	1.7821782178217822
M	1950	Anthony	1.7821782178217822
M	1960	Christopher	1.7821782178217822
M	1970	Stephen	1.7821782178217822
M	1980	Thomas	1.7821782178217822
M	1990	Adam	1.7821782178217822
M	1900	Edward	1.7623762376237624
M	1910	Joseph	1.7623762376237624
M	1920	Edward	1.7623762376237624
M	1930	Thomas	1.7623762376237624
M	1940	Kenneth	1.7623762376237624
M	1950	Andrew	1.7623762376237624
M	1960	Peter	1.7623762376237624
M	1970	Lee	1.7623762376237624
M	1980	Adam	1.7623762376237624
M	1990	Michael	1.7623762376237624
M	1900	Joseph	1.7425742574257426
M	1910	Ernest	1.7425742574257426
M	1920	Albert	1.7425742574257426
M	1930	Alan	1.7425742574257426
M	1940	Roger	1.7425742574257426
M	1950	Ian	1.7425742574257426
M	1960	Simon	1.7425742574257426
M	1970	John	1.7425742574257426
M	1980	Robert	1.7425742574257426
M	1990	Alexander	1.7425742574257426
M	1900	Harold	1.7227722772277227
M	1910	Alfred	1.7227722772277227
M	1920	Charles	1.7227722772277227
M	1930	Derek	1.7227722772277227
M	1940	Keith	1.7227722772277227
M	1950	James	1.7227722772277227
M	1960	Anthony	1.7227722772277227
M	1970	Robert	1.7227722772277227
M	1980	John	1.7227722772277227
M	1990	Christopher	1.7227722772277227
M	1900	Robert	1.702970297029703
M	1910	Frank	1.702970297029703
M	1920	Leslie	1.702970297029703
M	1930	Raymond	1.702970297029703
M	1940	Colin	1.702970297029703
M	1950	William	1.702970297029703
M	1960	Kevin	1.702970297029703
M	1970	Darren	1.702970297029703
M	1980	Lee	1.702970297029703
M	1990	Benjamin	1.702970297029703
M	1900	Frank	1.683168316831683
M	1910	Henry	1.683168316831683
M	1920	Joseph	1.683168316831683
M	1930	Anthony	1.683168316831683
M	1940	Christopher	1.683168316831683
M	1950	Philip	1.683168316831683
M	1960	Gary	1.683168316831683
M	1970	Daniel	1.683168316831683
M	1980	Benjamin	1.683168316831683
M	1990	Joseph	1.683168316831683
M	1900	Henry	1.6633663366336633
M	1910	Leslie	1.6633663366336633
M	1920	Stanley	1.6633663366336633
M	1930	Roy	1.6633663366336633
M	1940	Raymond	1.6633663366336633
M	1950	Brian	1.6633663366336633
M	1960	Steven	1.6633663366336633
M	1970	Steven	1.6633663366336633
M	1980	Steven	1.6633663366336633
M	1990	Liam	1.6633663366336633
M	1900	Harry	1.6435643564356435
M	1910	Harold	1.6435643564356435
M	1920	Eric	1.6435643564356435
M	1930	Donald	1.6435643564356435
M	1940	Terence	1.6435643564356435
M	1950	Keith	1.6435643564356435
M	1960	Martin	1.6435643564356435
M	1970	Jason	1.6435643564356435
M	1980	Jonathan	1.6435643564356435
M	1990	Jake	1.6435643564356435
M	1900	Walter	1.6237623762376239
M	1910	Harry	1.6237623762376239
M	1920	Frank	1.6237623762376239
M	1930	Dennis	1.6237623762376239
M	1940	Thomas	1.6237623762376239
M	1950	Graham	1.6237623762376239
M	1960	James	1.6237623762376239
M	1970	Nicholas	1.6237623762376239
M	1980	Craig	1.6237623762376239
M	1990	William	1.6237623762376239
M	1900	Reginald	1.603960396039604
M	1910	Leonard	1.603960396039604
M	1920	Dennis	1.603960396039604
M	1930	Edward	1.603960396039604
M	1940	Barry	1.603960396039604
M	1950	Kevin	1.603960396039604
M	1960	Philip	1.603960396039604
M	1970	Jonathan	1.603960396039604
M	1980	Stephen	1.603960396039604
M	1990	Andrew	1.603960396039604
M	1900	Herbert	1.5841584158415842
M	1910	Ronald	1.5841584158415842
M	1920	David	1.5841584158415842
M	1930	Gordon	1.5841584158415842
M	1940	George	1.5841584158415842
M	1950	Martin	1.5841584158415842
M	1960	Alan	1.5841584158415842
M	1970	Ian	1.5841584158415842
M	1980	Simon	1.5841584158415842
M	1990	George	1.5841584158415842
M	1900	Leonard	1.5643564356435644
M	1910	Stanley	1.5643564356435644
M	1920	Norman	1.5643564356435644
M	1930	Terence	1.5643564356435644
M	1940	Graham	1.5643564356435644
M	1950	Colin	1.5643564356435644
M	1960	Neil	1.5643564356435644
M	1970	Neil	1.5643564356435644
M	1980	Nicholas	1.5643564356435644
M	1990	Lewis	1.5643564356435644
M	1900	Stanley	1.5445544554455446
M	1910	Walter	1.5445544554455446
M	1920	Ernest	1.5445544554455446
M	1930	Joseph	1.5445544554455446
M	1940	Ian	1.5445544554455446
M	1950	Steven	1.5445544554455446
M	1960	Nigel	1.5445544554455446
M	1970	Peter	1.5445544554455446
M	1980	Peter	1.5445544554455446
M	1990	Oliver	1.5445544554455446
M	1900	Leslie	1.5247524752475248
M	1910	Reginald	1.5247524752475248
M	1920	Henry	1.5247524752475248
M	1930	Frederick	1.5247524752475248
M	1940	Malcolm	1.5247524752475248
M	1950	Thomas	1.5247524752475248
M	1960	Timothy	1.5247524752475248
M	1970	Stuart	1.5247524752475248
M	1980	Anthony	1.5247524752475248
M	1990	David	1.5247524752475248
M	1900	Richard	1.504950495049505
M	1910	Herbert	1.504950495049505
M	1920	Leonard	1.504950495049505
M	1930	Arthur	1.504950495049505
M	1940	Geoffrey	1.504950495049505
M	1950	Kenneth	1.504950495049505
M	1960	Colin	1.504950495049505
M	1970	Anthony	1.504950495049505
M	1980	Alexander	1.504950495049505
M	1990	Robert	1.504950495049505
M	1900	Cyril	1.4851485148514851
M	1910	Richard	1.4851485148514851
M	1920	Harold	1.4851485148514851
M	1930	Colin	1.4851485148514851
M	1940	Ronald	1.4851485148514851
M	1950	Raymond	1.4851485148514851
M	1960	Graham	1.4851485148514851
M	1970	Martin	1.4851485148514851
M	1980	Gary	1.4851485148514851
M	1990	Jamie	1.4851485148514851
M	1900	Sidney	1.4653465346534653
M	1910	Eric	1.4653465346534653
M	1920	Alfred	1.4653465346534653
M	1930	Eric	1.4653465346534653
M	1940	Derek	1.4653465346534653
M	1950	Nigel	1.4653465346534653
M	1960	Jonathan	1.4653465346534653
M	1970	Kevin	1.4653465346534653
M	1980	Ian	1.4653465346534653
M	1990	Nathan	1.4653465346534653
M	1900	Francis	1.4455445544554455
M	1910	Norman	1.4455445544554455
M	1920	Raymond	1.4455445544554455
M	1930	Richard	1.4455445544554455
M	1940	Paul	1.4455445544554455
M	1950	Geoffrey	1.4455445544554455
M	1960	Nicholas	1.4455445544554455
M	1970	Craig	1.4455445544554455
M	1980	Ryan	1.4455445544554455
M	1990	Connor	1.4455445544554455
M	1900	Percy	1.4257425742574257
M	1910	Cyril	1.4257425742574257
M	1920	Donald	1.4257425742574257
M	1930	Charles	1.4257425742574257
M	1940	Edward	1.4257425742574257
M	1950	Terence	1.4257425742574257
M	1960	William	1.4257425742574257
M	1970	Philip	1.4257425742574257
M	1980	Luke	1.4257425742574257
M	1990	Jonathan	1.4257425742574257
M	1900	David	1.4059405940594059
M	1910	Jack	1.4059405940594059
M	1920	Harry	1.4059405940594059
M	1930	Norman	1.4059405940594059
M	1940	Roy	1.4059405940594059
M	1950	Trevor	1.4059405940594059
M	1960	Adrian	1.4059405940594059
M	1970	Gary	1.4059405940594059
M	1980	Jamie	1.4059405940594059
M	1990	Harry	1.4059405940594059
M	1900	Wilfred	1.386138613861386
M	1910	Sidney	1.386138613861386
M	1920	Reginald	1.386138613861386
M	1930	Leslie	1.386138613861386
M	1940	Patrick	1.386138613861386
M	1950	Malcolm	1.386138613861386
M	1960	Brian	1.386138613861386
M	1970	Scott	1.386138613861386
M	1980	Stuart	1.386138613861386
M	1990	Callum	1.386138613861386
M	1900	Samuel	1.3663366336633664
M	1910	David	1.3663366336633664
M	1920	Richard	1.3663366336633664
M	1930	Patrick	1.3663366336633664
M	1940	Philip	1.3663366336633664
M	1950	Mark	1.3663366336633664
M	1960	Stuart	1.3663366336633664
M	1970	Wayne	1.3663366336633664
M	1980	Philip	1.3663366336633664
M	1990	Aaron	1.3663366336633664
M	1900	Norman	1.3465346534653466
M	1910	Kenneth	1.3465346534653466
M	1920	Jack	1.3465346534653466
M	1930	Geoffrey	1.3465346534653466
M	1940	Trevor	1.3465346534653466
M	1950	Barry	1.3465346534653466
M	1960	Keith	1.3465346534653466
M	1970	Timothy	1.3465346534653466
M	1980	Darren	1.3465346534653466
M	1990	Ashley	1.3465346534653466
M	1900	Cecil	1.3267326732673268
M	1910	Francis	1.3267326732673268
M	1920	Walter	1.3267326732673268
M	1930	Frank	1.3267326732673268
M	1940	Dennis	1.3267326732673268
M	1950	Gary	1.3267326732673268
M	1960	Thomas	1.3267326732673268
M	1970	Benjamin	1.3267326732673268
M	1980	William	1.3267326732673268
M	1990	Bradley	1.3267326732673268
M	1900	Eric	1.306930693069307
M	1910	Wilfred	1.306930693069307
M	1920	Cyril	1.306930693069307
M	1930	Albert	1.306930693069307
M	1940	Leslie	1.306930693069307
M	1950	George	1.306930693069307
M	1960	Patrick	1.306930693069307
M	1970	Adam	1.306930693069307
M	1980	Gareth	1.306930693069307
M	1990	Jacob	1.306930693069307
M	1900	Sydney	1.2871287128712872
M	1910	Samuel	1.2871287128712872
M	1920	Geoffrey	1.2871287128712872
M	1930	Keith	1.2871287128712872
M	1940	Joseph	1.2871287128712872
M	1950	Nicholas	1.2871287128712872
M	1960	Sean	1.2871287128712872
M	1970	Alan	1.2871287128712872
M	1980	Martin	1.2871287128712872
M	1990	Kieran	1.2871287128712872
M	1900	Horace	1.2673267326732673
M	1910	Sydney	1.2673267326732673
M	1920	Alan	1.2673267326732673
M	1930	Leonard	1.2673267326732673
M	1940	Bernard	1.2673267326732673
M	1950	Derek	1.2673267326732673
M	1960	Carl	1.2673267326732673
M	1970	Dean	1.2673267326732673
M	1980	Kevin	1.2673267326732673
M	1990	Scott	1.2673267326732673
M	1900	Fred	1.2475247524752475
M	1910	Patrick	1.2475247524752475
M	1920	Douglas	1.2475247524752475
M	1930	Bernard	1.2475247524752475
M	1940	Charles	1.2475247524752475
M	1950	Charles	1.2475247524752475
M	1960	Trevor	1.2475247524752475
M	1970	Adrian	1.2475247524752475
M	1980	Scott	1.2475247524752475
M	1990	Sam	1.2475247524752475
M	1900	Jack	1.2277227722772277
M	1910	Michael	1.2277227722772277
M	1920	Gordon	1.2277227722772277
M	1930	Stanley	1.2277227722772277
M	1940	Eric	1.2277227722772277
M	1950	Patrick	1.2277227722772277
M	1960	Wayne	1.2277227722772277
M	1970	Carl	1.2277227722772277
M	1980	Dean	1.2277227722772277
M	1990	John	1.2277227722772277
M	1900	Edwin	1.2079207920792079
M	1910	Bernard	1.2079207920792079
M	1920	Michael	1.2079207920792079
M	1930	Gerald	1.2079207920792079
M	1940	Stephen	1.2079207920792079
M	1950	Timothy	1.2079207920792079
M	1960	Shaun	1.2079207920792079
M	1970	Thomas	1.2079207920792079
M	1980	Joseph	1.2079207920792079
M	1990	Ben	1.2079207920792079
M	1900	Ronald	1.188118811881188
M	1910	Donald	1.188118811881188
M	1920	Roy	1.188118811881188
M	1930	Reginald	1.188118811881188
M	1940	Martin	1.188118811881188
M	1950	Roger	1.188118811881188
M	1960	Kenneth	1.188118811881188
M	1970	William	1.188118811881188
M	1980	Jason	1.188118811881188
M	1990	Mohammed	1.188118811881188
M	1900	Alexander	1.1683168316831682
M	1910	Peter	1.1683168316831682
M	1920	Bernard	1.1683168316831682
M	1930	Francis	1.1683168316831682
M	1940	Frederick	1.1683168316831682
M	1950	Leslie	1.1683168316831682
M	1960	Barry	1.1683168316831682
M	1970	Graham	1.1683168316831682
M	1980	Neil	1.1683168316831682
M	1990	Nicholas	1.1683168316831682
M	1900	Clifford	1.1485148514851484
M	1910	Horace	1.1485148514851484
M	1920	Francis	1.1485148514851484
M	1930	Maurice	1.1485148514851484
M	1940	Norman	1.1485148514851484
M	1950	Ronald	1.1485148514851484
M	1960	Derek	1.1485148514851484
M	1970	Alexander	1.1485148514851484
M	1980	Samuel	1.1485148514851484
M	1990	Kyle	1.1485148514851484
M	1900	Patrick	1.1287128712871286
M	1910	Percy	1.1287128712871286
M	1920	Patrick	1.1287128712871286
M	1930	Douglas	1.1287128712871286
M	1940	Gordon	1.1287128712871286
M	1950	Clive	1.1287128712871286
M	1960	Dean	1.1287128712871286
M	1970	Colin	1.1287128712871286
M	1980	Carl	1.1287128712871286
M	1990	Charles	1.1287128712871286
M	1900	Bernard	1.108910891089109
M	1910	Clifford	1.108910891089109
M	1920	Sidney	1.108910891089109
M	1930	Henry	1.108910891089109
M	1940	Andrew	1.108910891089109
M	1950	Edward	1.108910891089109
M	1960	Raymond	1.108910891089109
M	1970	Jamie	1.108910891089109
M	1980	Ben	1.108910891089109
M	1990	Mark	1.108910891089109
M	1900	Michael	1.0891089108910892
M	1910	Cecil	1.0891089108910892
M	1920	Herbert	1.0891089108910892
M	1930	Malcolm	1.0891089108910892
M	1940	Frank	1.0891089108910892
M	1950	Neil	1.0891089108910892
M	1960	Antony	1.0891089108910892
M	1970	Gareth	1.0891089108910892
M	1980	Sean	1.0891089108910892
M	1990	Sean	1.0891089108910892
M	1900	Victor	1.0693069306930694
M	1910	Fred	1.0693069306930694
M	1920	Maurice	1.0693069306930694
M	1930	Ernest	1.0693069306930694
M	1940	Arthur	1.0693069306930694
M	1950	Joseph	1.0693069306930694
M	1960	Jeremy	1.0693069306930694
M	1970	Justin	1.0693069306930694
M	1980	Timothy	1.0693069306930694
M	1990	Edward	1.0693069306930694
M	1900	Philip	1.0495049504950495
M	1910	Maurice	1.0495049504950495
M	1920	Clifford	1.0495049504950495
M	1930	Harold	1.0495049504950495
M	1940	Rodney	1.0495049504950495
M	1950	Jeffrey	1.0495049504950495
M	1960	Joseph	1.0495049504950495
M	1970	Barry	1.0495049504950495
M	1980	Oliver	1.0495049504950495
M	1990	Stephen	1.0495049504950495
M	1900	Edgar	1.0297029702970297
M	1910	Victor	1.0297029702970297
M	1920	Anthony	1.0297029702970297
M	1930	Alfred	1.0297029702970297
M	1940	Gerald	1.0297029702970297
M	1950	Stuart	1.0297029702970297
M	1960	Edward	1.0297029702970297
M	1970	Christian	1.0297029702970297
M	1980	Ashley	1.0297029702970297
M	1990	Richard	1.0297029702970297
M	1900	Maurice	1.00990099009901
M	1910	Edwin	1.00990099009901
M	1920	Victor	1.00990099009901
M	1930	Graham	1.00990099009901
M	1940	Clive	1.00990099009901
M	1950	Roy	1.00990099009901
M	1960	Lee	1.00990099009901
M	1970	Karl	1.00990099009901
M	1980	Wayne	1.00990099009901
M	1990	Alex	1.00990099009901
M	1900	Donald	0.9900990099009901
M	1910	Raymond	0.9900990099009901
M	1920	Gerald	0.9900990099009901
M	1930	Harry	0.9900990099009901
M	1940	Jeffrey	0.9900990099009901
M	1950	Gordon	0.9900990099009901
M	1960	Terence	0.9900990099009901
M	1970	Brian	0.9900990099009901
M	1980	Edward	0.9900990099009901
M	1990	Peter	0.9900990099009901
M	1900	Kenneth	0.9702970297029703
M	1910	Philip	0.9702970297029703
M	1920	Derek	0.9702970297029703
M	1930	Jack	0.9702970297029703
M	1940	Douglas	0.9702970297029703
M	1950	Jonathan	0.9702970297029703
M	1960	Matthew	0.9702970297029703
M	1970	Edward	0.9702970297029703
M	1980	Shaun	0.9702970297029703
M	1990	Dominic	0.9702970297029703
M	1900	Benjamin	0.9504950495049505
M	1910	Alexander	0.9504950495049505
M	1920	Philip	0.9504950495049505
M	1930	Barry	0.9504950495049505
M	1940	Donald	0.9504950495049505
M	1950	Simon	0.9504950495049505
M	1960	Daniel	0.9504950495049505
M	1970	Keith	0.9504950495049505
M	1980	Aaron	0.9504950495049505
M	1990	Joe	0.9504950495049505
M	1900	Douglas	0.9306930693069307
M	1910	Gordon	0.9306930693069307
M	1920	Alexander	0.9306930693069307
M	1930	Walter	0.9306930693069307
M	1940	Francis	0.9306930693069307
M	1950	Adrian	0.9306930693069307
M	1960	George	0.9306930693069307
M	1970	Marc	0.9306930693069307
M	1980	Mohammed	0.9306930693069307
M	1990	Reece	0.9306930693069307
M	1900	Hugh	0.9108910891089109
M	1910	Geoffrey	0.9108910891089109
M	1920	Wilfred	0.9108910891089109
M	1930	Ian	0.9108910891089109
M	1940	Stuart	0.9108910891089109
M	1950	Dennis	0.9108910891089109
M	1960	Russell	0.9108910891089109
M	1970	Nigel	0.9108910891089109
M	1980	Gavin	0.9108910891089109
M	1990	Lee	0.9108910891089109
M	1900	Lawrence	0.8910891089108911
M	1910	Dennis	0.8910891089108911
M	1920	Edwin	0.8910891089108911
M	1930	Philip	0.8910891089108911
M	1940	Victor	0.8910891089108911
M	1950	Mohammed	0.8910891089108911
M	1960	Charles	0.8910891089108911
M	1970	Sean	0.8910891089108911
M	1980	Liam	0.8910891089108911
M	1990	Rhys	0.8910891089108911
M	1900	Daniel	0.8712871287128713
M	1910	Douglas	0.8712871287128713
M	1920	Samuel	0.8712871287128713
M	1930	Christopher	0.8712871287128713
M	1940	Robin	0.8712871287128713
M	1950	Phillip	0.8712871287128713
M	1960	Jeffrey	0.8712871287128713
M	1970	Shaun	0.8712871287128713
M	1980	Nathan	0.8712871287128713
M	1990	Steven	0.8712871287128713
M	1900	Geoffrey	0.8514851485148515
M	1910	Alan	0.8514851485148515
M	1920	Denis	0.8514851485148515
M	1930	Bryan	0.8514851485148515
M	1940	Allan	0.8514851485148515
M	1950	Allan	0.8514851485148515
M	1960	Clive	0.8514851485148515
M	1970	Nathan	0.8514851485148515
M	1980	Alan	0.8514851485148515
M	1990	Anthony	0.8514851485148515
M	1900	Peter	0.8316831683168316
M	1910	Daniel	0.8316831683168316
M	1920	Sydney	0.8316831683168316
M	1930	Trevor	0.8316831683168316
M	1940	Leonard	0.8316831683168316
M	1950	Robin	0.8316831683168316
M	1960	Phillip	0.8316831683168316
M	1970	Joseph	0.8316831683168316
M	1980	Graham	0.8316831683168316
M	1990	Charlie	0.8316831683168316
M	1900	Archibald	0.8118811881188119
M	1910	Ralph	0.8118811881188119
M	1920	Cecil	0.8118811881188119
M	1930	Clifford	0.8118811881188119
M	1940	Stanley	0.8118811881188119
M	1950	Gerald	0.8118811881188119
M	1960	Craig	0.8118811881188119
M	1970	Russell	0.8118811881188119
M	1980	Ross	0.8118811881188119
M	1990	Paul	0.8118811881188119
M	1900	Christopher	0.7920792079207921
M	1910	Hugh	0.7920792079207921
M	1920	Colin	0.7920792079207921
M	1930	Cyril	0.7920792079207921
M	1940	Albert	0.7920792079207921
M	1950	Francis	0.7920792079207921
M	1960	Roger	0.7920792079207921
M	1970	Mohammed	0.7920792079207921
M	1980	Karl	0.7920792079207921
M	1990	Craig	0.7920792079207921
M	1900	Alan	0.7722772277227723
M	1910	Lawrence	0.7722772277227723
M	1920	Lawrence	0.7722772277227723
M	1930	Victor	0.7722772277227723
M	1940	Maurice	0.7722772277227723
M	1950	Eric	0.7722772277227723
M	1960	Julian	0.7722772277227723
M	1970	Jeremy	0.7722772277227723
M	1980	Marc	0.7722772277227723
M	1990	Jason	0.7722772277227723
M	1900	Tom	0.7524752475247525
M	1910	Benjamin	0.7524752475247525
M	1920	Fred	0.7524752475247525
M	1930	Paul	0.7524752475247525
M	1940	Henry	0.7524752475247525
M	1950	Bernard	0.7524752475247525
M	1960	Geoffrey	0.7524752475247525
M	1970	Phillip	0.7524752475247525
M	1980	Adrian	0.7524752475247525
M	1990	Dale	0.7524752475247525
M	1900	Gilbert	0.7326732673267327
M	1910	Roy	0.7326732673267327
M	1920	Ralph	0.7326732673267327
M	1930	Denis	0.7326732673267327
M	1940	Howard	0.7326732673267327
M	1950	Donald	0.7326732673267327
M	1960	Karl	0.7326732673267327
M	1970	Damian	0.7326732673267327
M	1980	Phillip	0.7326732673267327
M	1990	Ross	0.7326732673267327
M	1900	Hubert	0.7128712871287128
M	1910	Edgar	0.7128712871287128
M	1920	Desmond	0.7128712871287128
M	1930	Allan	0.7128712871287128
M	1940	Harry	0.7128712871287128
M	1950	Frank	0.7128712871287128
M	1960	Malcolm	0.7128712871287128
M	1970	Shane	0.7128712871287128
M	1980	Patrick	0.7128712871287128
M	1990	Cameron	0.7128712871287128
M	1900	Ralph	0.693069306930693
M	1910	Christopher	0.693069306930693
M	1920	Brian	0.693069306930693
M	1930	Alexander	0.693069306930693
M	1940	Alexander	0.693069306930693
M	1950	Norman	0.693069306930693
M	1960	Darren	0.693069306930693
M	1970	Duncan	0.693069306930693
M	1980	Lewis	0.693069306930693
M	1990	Louis	0.693069306930693
M	1900	Stephen	0.6732673267326733
M	1910	Andrew	0.6732673267326733
M	1920	Percy	0.6732673267326733
M	1930	Roger	0.6732673267326733
M	1940	Kevin	0.6732673267326733
M	1950	Frederick	0.6732673267326733
M	1960	Tony	0.6732673267326733
M	1970	Patrick	0.6732673267326733
M	1980	Colin	0.6732673267326733
M	1990	Dean	0.6732673267326733
M	1900	Gerald	0.6534653465346535
M	1910	Stephen	0.6534653465346535
M	1920	Terence	0.6534653465346535
M	1930	Mohammed	0.6534653465346535
M	1940	Clifford	0.6534653465346535
M	1950	Howard	0.6534653465346535
M	1960	Adam	0.6534653465346535
M	1970	Julian	0.6534653465346535
M	1980	Russell	0.6534653465346535
M	1990	Conor	0.6534653465346535
M	1900	Bertie	0.6336633663366337
M	1910	Denis	0.6336633663366337
M	1920	Christopher	0.6336633663366337
M	1930	Sidney	0.6336633663366337
M	1940	Nigel	0.6336633663366337
M	1950	Douglas	0.6336633663366337
M	1960	Robin	0.6336633663366337
M	1970	Dominic	0.6336633663366337
M	1980	Charles	0.6336633663366337
M	1990	Shane	0.6336633663366337
M	1900	Lewis	0.6138613861386139
M	1910	Gerald	0.6138613861386139
M	1920	Horace	0.6138613861386139
M	1930	Clive	0.6138613861386139
M	1940	Barrie	0.6138613861386139
M	1950	Jeremy	0.6138613861386139
M	1960	Garry	0.6138613861386139
M	1970	Charles	0.6138613861386139
M	1980	Shane	0.6138613861386139
M	1990	Elliot	0.6138613861386139
M	1900	Andrew	0.594059405940594
M	1910	Hubert	0.594059405940594
M	1920	Hugh	0.594059405940594
M	1930	Daniel	0.594059405940594
M	1940	Reginald	0.594059405940594
M	1950	Alexander	0.594059405940594
M	1960	Roy	0.594059405940594
M	1970	Marcus	0.594059405940594
M	1980	George	0.594059405940594
M	1990	Patrick	0.594059405940594
M	1900	Percival	0.5742574257425742
M	1910	Gilbert	0.5742574257425742
M	1920	Daniel	0.5742574257425742
M	1930	Lawrence	0.5742574257425742
M	1940	Ernest	0.5742574257425742
M	1950	Arthur	0.5742574257425742
M	1960	Vincent	0.5742574257425742
M	1970	Gavin	0.5742574257425742
M	1980	Sam	0.5742574257425742
M	1990	Max	0.5742574257425742
M	1900	Raymond	0.5544554455445545
M	1910	Ivor	0.5544554455445545
M	1920	Andrew	0.5544554455445545
M	1930	Herbert	0.5544554455445545
M	1940	Alfred	0.5544554455445545
M	1950	Daniel	0.5544554455445545
M	1960	Mohammed	0.5544554455445545
M	1970	Tony	0.5544554455445545
M	1980	Mathew	0.5544554455445545
M	1990	Shaun	0.5544554455445545
M	1900	Bertram	0.5346534653465347
M	1910	Tom	0.5346534653465347
M	1920	Derrick	0.5346534653465347
M	1930	Edwin	0.5346534653465347
M	1940	Adrian	0.5346534653465347
M	1950	Abdul	0.5346534653465347
M	1960	Gordon	0.5346534653465347
M	1970	Antony	0.5346534653465347
M	1980	Jack	0.5346534653465347
M	1990	Henry	0.5346534653465347
M	1900	Arnold	0.5148514851485149
M	1910	Arnold	0.5148514851485149
M	1920	Allan	0.5148514851485149
M	1930	Samuel	0.5148514851485149
M	1940	Harold	0.5148514851485149
M	1950	Martyn	0.5148514851485149
M	1960	Duncan	0.5148514851485149
M	1970	Robin	0.5148514851485149
M	1980	Ricky	0.5148514851485149
M	1990	Simon	0.5148514851485149
M	1900	Edmund	0.49504950495049505
M	1910	Anthony	0.49504950495049505
M	1920	Stephen	0.49504950495049505
M	1930	Ralph	0.49504950495049505
M	1940	Nicholas	0.49504950495049505
M	1950	Leonard	0.49504950495049505
M	1960	Leslie	0.49504950495049505
M	1970	Trevor	0.49504950495049505
M	1980	Dale	0.49504950495049505
M	1990	Timothy	0.49504950495049505
M	1900	Clarence	0.4752475247524752
M	1910	Bertram	0.4752475247524752
M	1920	Ivor	0.4752475247524752
M	1930	Derrick	0.4752475247524752
M	1940	Timothy	0.4752475247524752
M	1950	Lawrence	0.4752475247524752
M	1960	Alexander	0.4752475247524752
M	1970	Glen	0.4752475247524752
M	1980	Tony	0.4752475247524752
M	1990	Mitchell	0.4752475247524752
M	1900	Louis	0.45544554455445546
M	1910	Lewis	0.45544554455445546
M	1920	Vincent	0.45544554455445546
M	1930	Abdul	0.45544554455445546
M	1940	Melvyn	0.45544554455445546
M	1950	Gerard	0.45544554455445546
M	1960	Gregory	0.45544554455445546
M	1970	Iain	0.45544554455445546
M	1980	Joshua	0.45544554455445546
M	1990	Billy	0.45544554455445546
M	1900	Ivor	0.43564356435643564
M	1910	Louis	0.43564356435643564
M	1920	Trevor	0.43564356435643564
M	1930	Andrew	0.43564356435643564
M	1940	Bryan	0.43564356435643564
M	1950	Tony	0.43564356435643564
M	1960	Gareth	0.43564356435643564
M	1970	Ryan	0.43564356435643564
M	1980	Alex	0.43564356435643564
M	1990	Philip	0.43564356435643564
M	1900	Roland	0.4158415841584158
M	1910	Edmund	0.4158415841584158
M	1920	Basil	0.4158415841584158
M	1930	Martin	0.4158415841584158
M	1940	Neil	0.4158415841584158
M	1950	Bryan	0.4158415841584158
M	1960	Ronald	0.4158415841584158
M	1970	Martyn	0.4158415841584158
M	1980	Dominic	0.4158415841584158
M	1990	Joel	0.4158415841584158
M	1900	Mark	0.39603960396039606
M	1910	Lionel	0.39603960396039606
M	1920	Arnold	0.39603960396039606
M	1930	Hugh	0.39603960396039606
M	1940	Jack	0.39603960396039606
M	1950	Clifford	0.39603960396039606
M	1960	Douglas	0.39603960396039606
M	1970	Gregory	0.39603960396039606
M	1980	Barry	0.39603960396039606
M	1990	Josh	0.39603960396039606
M	1900	Gordon	0.37623762376237624
M	1910	Colin	0.37623762376237624
M	1920	Roland	0.37623762376237624
M	1930	Robin	0.37623762376237624
M	1940	Daniel	0.37623762376237624
M	1950	Garry	0.37623762376237624
M	1960	Francis	0.37623762376237624
M	1970	Samuel	0.37623762376237624
M	1980	Leon	0.37623762376237624
M	1990	Marcus	0.37623762376237624
M	1900	Claude	0.3564356435643564
M	1910	Roland	0.3564356435643564
M	1920	Benjamin	0.3564356435643564
M	1930	Neville	0.3564356435643564
M	1940	Lawrence	0.3564356435643564
M	1950	Henry	0.3564356435643564
M	1960	Stewart	0.3564356435643564
M	1970	George	0.3564356435643564
M	1980	Mohammad	0.3564356435643564
M	1990	Dylan	0.3564356435643564
M	1900	Matthew	0.33663366336633666
M	1910	Alec	0.33663366336633666
M	1920	Edgar	0.33663366336633666
M	1930	Stephen	0.33663366336633666
M	1940	Hugh	0.33663366336633666
M	1950	Mohammad	0.33663366336633666
M	1960	Graeme	0.33663366336633666
M	1970	Oliver	0.33663366336633666
M	1980	Terry	0.33663366336633666
M	1990	Carl	0.33663366336633666
M	1900	Martin	0.31683168316831684
M	1910	Matthew	0.31683168316831684
M	1920	Ian	0.31683168316831684
M	1930	Vincent	0.31683168316831684
M	1940	Denis	0.31683168316831684
M	1950	Gareth	0.31683168316831684
M	1960	Guy	0.31683168316831684
M	1970	Raymond	0.31683168316831684
M	1980	Gregory	0.31683168316831684
M	1990	Elliott	0.31683168316831684
M	1900	Lionel	0.297029702970297
M	1910	Martin	0.297029702970297
M	1920	Keith	0.297029702970297
M	1930	Jeffrey	0.297029702970297
M	1940	Walter	0.297029702970297
M	1950	Stanley	0.297029702970297
M	1960	Terry	0.297029702970297
M	1970	Abdul	0.297029702970297
M	1980	Danny	0.297029702970297
M	1990	Brandon	0.297029702970297
M	1900	Dennis	0.27722772277227725
M	1910	Laurence	0.27722772277227725
M	1920	Hubert	0.27722772277227725
M	1930	Ivor	0.27722772277227725
M	1940	Mohammed	0.27722772277227725
M	1950	Vincent	0.27722772277227725
M	1960	Martyn	0.27722772277227725
M	1970	Mathew	0.27722772277227725
M	1980	Brian	0.27722772277227725
M	1990	Martin	0.27722772277227725
M	1900	Evan	0.25742574257425743
M	1910	Archibald	0.25742574257425743
M	1920	Paul	0.25742574257425743
M	1930	Desmond	0.25742574257425743
M	1940	Terry	0.25742574257425743
M	1950	Victor	0.25742574257425743
M	1960	Eric	0.25742574257425743
M	1970	Stewart	0.25742574257425743
M	1980	Keith	0.25742574257425743
M	1990	Toby	0.25742574257425743
M	1900	Hector	0.2376237623762376
M	1910	Allan	0.2376237623762376
M	1920	Martin	0.2376237623762376
M	1930	Wilfred	0.2376237623762376
M	1940	Edwin	0.2376237623762376
M	1950	Hugh	0.2376237623762376
M	1960	Allan	0.2376237623762376
M	1970	Malcolm	0.2376237623762376
M	1980	Antony	0.2376237623762376
M	1990	Stuart	0.2376237623762376
M	1900	Alec	0.21782178217821782
M	1910	Clarence	0.21782178217821782
M	1920	Lionel	0.21782178217821782
M	1930	Sydney	0.21782178217821782
M	1940	Ralph	0.21782178217821782
M	1950	Mohamed	0.21782178217821782
M	1960	Gerard	0.21782178217821782
M	1970	Garry	0.21782178217821782
M	1980	Kieran	0.21782178217821782
M	1990	Gareth	0.21782178217821782
M	1900	Anthony	0.19801980198019803
M	1910	Vincent	0.19801980198019803
M	1920	Mohammed	0.19801980198019803
M	1930	Ivan	0.19801980198019803
M	1940	Ivan	0.19801980198019803
M	1950	Stewart	0.19801980198019803
M	1960	Gerald	0.19801980198019803
M	1970	Leon	0.19801980198019803
M	1980	Justin	0.19801980198019803
M	1990	Danny	0.19801980198019803
M	1900	Allan	0.1782178217821782
M	1910	Basil	0.1782178217821782
M	1920	Graham	0.1782178217821782
M	1930	Barrie	0.1782178217821782
M	1940	Bruce	0.1782178217821782
M	1950	Terry	0.1782178217821782
M	1960	Howard	0.1782178217821782
M	1970	Brett	0.1782178217821782
M	1980	Bradley	0.1782178217821782
M	1990	Christian	0.1782178217821782
M	1900	Oliver	0.15841584158415842
M	1910	Paul	0.15841584158415842
M	1920	Howard	0.15841584158415842
M	1930	Royston	0.15841584158415842
M	1940	Phillip	0.15841584158415842
M	1950	Albert	0.15841584158415842
M	1960	Jason	0.15841584158415842
M	1970	Terry	0.15841584158415842
M	1980	Jordan	0.15841584158415842
M	1990	Tom	0.15841584158415842
M	1900	Owen	0.13861386138613863
M	1910	Percival	0.13861386138613863
M	1920	Alec	0.13861386138613863
M	1930	Cecil	0.13861386138613863
M	1940	Vincent	0.13861386138613863
M	1950	Gregory	0.13861386138613863
M	1960	Iain	0.13861386138613863
M	1970	Kenneth	0.13861386138613863
M	1980	Martyn	0.13861386138613863
M	1990	Declan	0.13861386138613863
M	1900	Howard	0.1188118811881188
M	1910	Howard	0.1188118811881188
M	1920	Gilbert	0.1188118811881188
M	1930	Neil	0.1188118811881188
M	1940	Gary	0.1188118811881188
M	1950	Maurice	0.1188118811881188
M	1960	Glenn	0.1188118811881188
M	1970	Luke	0.1188118811881188
M	1980	Leigh	0.1188118811881188
M	1990	Karl	0.1188118811881188
M	1900	Colin	0.09900990099009901
M	1910	Evan	0.09900990099009901
M	1920	Edmund	0.09900990099009901
M	1930	Noel	0.09900990099009901
M	1940	Tony	0.09900990099009901
M	1950	Julian	0.09900990099009901
M	1960	Dennis	0.09900990099009901
M	1970	Roger	0.09900990099009901
M	1980	Abdul	0.09900990099009901
M	1990	Mohammad	0.09900990099009901
M	1900	Morris	0.07920792079207921
M	1910	Claude	0.07920792079207921
M	1920	Ivan	0.07920792079207921
M	1930	Fred	0.07920792079207921
M	1940	Samuel	0.07920792079207921
M	1950	Denis	0.07920792079207921
M	1960	Gavin	0.07920792079207921
M	1970	Glenn	0.07920792079207921
M	1980	Damien	0.07920792079207921
M	1990	Mathew	0.07920792079207921
M	1900	Denis	0.0594059405940594
M	1910	Owen	0.0594059405940594
M	1920	Lewis	0.0594059405940594
M	1930	Arnold	0.0594059405940594
M	1940	Cyril	0.0594059405940594
M	1950	Glenn	0.0594059405940594
M	1960	Bruce	0.0594059405940594
M	1970	Leigh	0.0594059405940594
M	1980	Stewart	0.0594059405940594
M	1990	Jay	0.0594059405940594
M	1900	Laurence	0.039603960396039604
M	1910	Phillip	0.039603960396039604
M	1920	Owen	0.039603960396039604
M	1930	Rodney	0.039603960396039604
M	1940	Sidney	0.039603960396039604
M	1950	Antony	0.039603960396039604
M	1960	Donald	0.039603960396039604
M	1970	Terence	0.039603960396039604
M	1980	Robin	0.039603960396039604
M	1990	Owen	0.039603960396039604
M	1900	Jesse	0.019801980198019802
M	1910	Trevor	0.019801980198019802
M	1920	Laurence	0.019801980198019802
M	1930	Alec	0.019801980198019802
M	1940	Royston	0.019801980198019802
M	1950	Harry	0.019801980198019802
M	1960	Dominic	0.019801980198019802
M	1970	Derek	0.019801980198019802
M	1980	Iain	0.019801980198019802
M	1990	Darren	0.019801980198019802
F	1900	Mary	1.9801980198019802
F	1910	Mary	1.9801980198019802
F	1920	Margaret	1.9801980198019802
F	1930	Margaret	1.9801980198019802
F	1940	Margaret	1.9801980198019802
F	1950	Susan	1.9801980198019802
F	1960	Susan	1.9801980198019802
F	1970	Sarah	1.9801980198019802
F	1980	Sarah	1.9801980198019802
F	1990	Rebecca	1.9801980198019802
F	1900	Florence	1.9603960396039604
F	1910	Margaret	1.9603960396039604
F	1920	Mary	1.9603960396039604
F	1930	Jean	1.9603960396039604
F	1940	Patricia	1.9603960396039604
F	1950	Linda	1.9603960396039604
F	1960	Julie	1.9603960396039604
F	1970	Claire	1.9603960396039604
F	1980	Laura	1.9603960396039604
F	1990	Lauren	1.9603960396039604
F	1900	Doris	1.9405940594059405
F	1910	Doris	1.9405940594059405
F	1920	Joan	1.9405940594059405
F	1930	Mary	1.9405940594059405
F	1940	Christine	1.9405940594059405
F	1950	Christine	1.9405940594059405
F	1960	Karen	1.9405940594059405
F	1970	Nicola	1.9405940594059405
F	1980	Gemma	1.9405940594059405
F	1990	Jessica	1.9405940594059405
F	1900	Edith	1.9207920792079207
F	1910	Dorothy	1.9207920792079207
F	1920	Joyce	1.9207920792079207
F	1930	Joan	1.9207920792079207
F	1940	Mary	1.9207920792079207
F	1950	Margaret	1.9207920792079207
F	1960	Jacqueline	1.9207920792079207
F	1970	Emma	1.9207920792079207
F	1980	Emma	1.9207920792079207
F	1990	Charlotte	1.9207920792079207
F	1900	Dorothy	1.900990099009901
F	1910	Kathleen	1.900990099009901
F	1920	Dorothy	1.900990099009901
F	1930	Patricia	1.900990099009901
F	1940	Jean	1.900990099009901
F	1950	Janet	1.900990099009901
F	1960	Deborah	1.900990099009901
F	1970	Lisa	1.900990099009901
F	1980	Rebecca	1.900990099009901
F	1990	Hannah	1.900990099009901
F	1900	Annie	1.881188118811881
F	1910	Florence	1.881188118811881
F	1920	Kathleen	1.881188118811881
F	1930	Sheila	1.881188118811881
F	1940	Ann	1.881188118811881
F	1950	Patricia	1.881188118811881
F	1960	Tracey	1.881188118811881
F	1970	Joanne	1.881188118811881
F	1980	Claire	1.881188118811881
F	1990	Sophie	1.881188118811881
F	1900	Margaret	1.8613861386138615
F	1910	Elsie	1.8613861386138615
F	1920	Doris	1.8613861386138615
F	1930	Barbara	1.8613861386138615
F	1940	Susan	1.8613861386138615
F	1950	Carol	1.8613861386138615
F	1960	Jane	1.8613861386138615
F	1970	Michelle	1.8613861386138615
F	1980	Victoria	1.8613861386138615
F	1990	Amy	1.8613861386138615
F	1900	Alice	1.8415841584158417
F	1910	Edith	1.8415841584158417
F	1920	Irene	1.8415841584158417
F	1930	Doreen	1.8415841584158417
F	1940	Janet	1.8415841584158417
F	1950	Elizabeth	1.8415841584158417
F	1960	Helen	1.8415841584158417
F	1970	Helen	1.8415841584158417
F	1980	Samantha	1.8415841584158417
F	1990	Emily	1.8415841584158417
F	1900	Elizabeth	1.8217821782178218
F	1910	Elizabeth	1.8217821782178218
F	1920	Elizabeth	1.8217821782178218
F	1930	June	1.8217821782178218
F	1940	Maureen	1.8217821782178218
F	1950	Mary	1.8217821782178218
F	1960	Diane	1.8217821782178218
F	1970	Samantha	1.8217821782178218
F	1980	Rachel	1.8217821782178218
F	1990	Laura	1.8217821782178218
F	1900	Elsie	1.801980198019802
F	1910	Winifred	1.801980198019802
F	1920	Eileen	1.801980198019802
F	1930	Shirley	1.801980198019802
F	1940	Barbara	1.801980198019802
F	1950	Anne	1.801980198019802
F	1960	Sharon	1.801980198019802
F	1970	Karen	1.801980198019802
F	1980	Amy	1.801980198019802
F	1990	Emma	1.801980198019802
F	1900	Gladys	1.7821782178217822
F	1910	Gladys	1.7821782178217822
F	1920	Betty	1.7821782178217822
F	1930	Dorothy	1.7821782178217822
F	1940	Valerie	1.7821782178217822
F	1950	Ann	1.7821782178217822
F	1960	Tracy	1.7821782178217822
F	1970	Amanda	1.7821782178217822
F	1980	Jennifer	1.7821782178217822
F	1990	Chloe	1.7821782178217822
F	1900	Winifred	1.7623762376237624
F	1910	Annie	1.7623762376237624
F	1920	Jean	1.7623762376237624
F	1930	Joyce	1.7623762376237624
F	1940	Carol	1.7623762376237624
F	1950	Jane	1.7623762376237624
F	1960	Angela	1.7623762376237624
F	1970	Rachel	1.7623762376237624
F	1980	Nicola	1.7623762376237624
F	1990	Sarah	1.7623762376237624
F	1900	Ethel	1.7425742574257426
F	1910	Alice	1.7425742574257426
F	1920	Marjorie	1.7425742574257426
F	1930	Maureen	1.7425742574257426
F	1940	Sandra	1.7425742574257426
F	1950	Jacqueline	1.7425742574257426
F	1960	Sarah	1.7425742574257426
F	1970	Louise	1.7425742574257426
F	1980	Katie	1.7425742574257426
F	1990	Lucy	1.7425742574257426
F	1900	Hilda	1.7227722772277227
F	1910	Phyllis	1.7227722772277227
F	1920	Gladys	1.7227722772277227
F	1930	Elizabeth	1.7227722772277227
F	1940	Pauline	1.7227722772277227
F	1950	Barbara	1.7227722772277227
F	1960	Alison	1.7227722772277227
F	1970	Julie	1.7227722772277227
F	1980	Lisa	1.7227722772277227
F	1990	Katie	1.7227722772277227
F	1900	Lilian	1.702970297029703
F	1910	Hilda	1.702970297029703
F	1920	Doreen	1.702970297029703
F	1930	Audrey	1.702970297029703
F	1940	Elizabeth	1.702970297029703
F	1950	Sandra	1.702970297029703
F	1960	Caroline	1.702970297029703
F	1970	Clare	1.702970297029703
F	1980	Kelly	1.702970297029703
F	1990	Bethany	1.702970297029703
F	1900	Ivy	1.683168316831683
F	1910	Lilian	1.683168316831683
F	1920	Vera	1.683168316831683
F	1930	Brenda	1.683168316831683
F	1940	Joan	1.683168316831683
F	1950	Gillian	1.683168316831683
F	1960	Amanda	1.683168316831683
F	1970	Rebecca	1.683168316831683
F	1980	Natalie	1.683168316831683
F	1990	Jade	1.683168316831683
F	1900	Violet	1.6633663366336633
F	1910	Ivy	1.6633663366336633
F	1920	Elsie	1.6633663366336633
F	1930	Kathleen	1.6633663366336633
F	1940	Pamela	1.6633663366336633
F	1950	Pauline	1.6633663366336633
F	1960	Sandra	1.6633663366336633
F	1970	Sharon	1.6633663366336633
F	1980	Louise	1.6633663366336633
F	1990	Megan	1.6633663366336633
F	1900	Kathleen	1.6435643564356435
F	1910	Marjorie	1.6435643564356435
F	1920	Barbara	1.6435643564356435
F	1930	Sylvia	1.6435643564356435
F	1940	Jennifer	1.6435643564356435
F	1950	Elaine	1.6435643564356435
F	1960	Linda	1.6435643564356435
F	1970	Victoria	1.6435643564356435
F	1980	Michelle	1.6435643564356435
F	1990	Alice	1.6435643564356435
F	1900	Ellen	1.6237623762376239
F	1910	Ethel	1.6237623762376239
F	1920	Winifred	1.6237623762376239
F	1930	Eileen	1.6237623762376239
F	1940	Kathleen	1.6237623762376239
F	1950	Lesley	1.6237623762376239
F	1960	Catherine	1.6237623762376239
F	1970	Caroline	1.6237623762376239
F	1980	Hayley	1.6237623762376239
F	1990	Rachel	1.6237623762376239
F	1900	Lily	1.603960396039604
F	1910	Violet	1.603960396039604
F	1920	Edna	1.603960396039604
F	1930	Pamela	1.603960396039604
F	1940	Anne	1.603960396039604
F	1950	Angela	1.603960396039604
F	1960	Elizabeth	1.603960396039604
F	1970	Susan	1.603960396039604
F	1980	Hannah	1.603960396039604
F	1990	Samantha	1.603960396039604
F	1900	Sarah	1.5841584158415842
F	1910	Irene	1.5841584158415842
F	1920	Audrey	1.5841584158415842
F	1930	Betty	1.5841584158415842
F	1940	Sheila	1.5841584158415842
F	1950	Pamela	1.5841584158415842
F	1960	Carol	1.5841584158415842
F	1970	Alison	1.5841584158415842
F	1980	Helen	1.5841584158415842
F	1990	Danielle	1.5841584158415842
F	1900	Nellie	1.5643564356435644
F	1910	Edna	1.5643564356435644
F	1920	Edith	1.5643564356435644
F	1930	Beryl	1.5643564356435644
F	1940	Brenda	1.5643564356435644
F	1950	Helen	1.5643564356435644
F	1960	Joanne	1.5643564356435644
F	1970	Catherine	1.5643564356435644
F	1980	Charlotte	1.5643564356435644
F	1990	Holly	1.5643564356435644
F	1900	Emily	1.5445544554455446
F	1910	Vera	1.5445544554455446
F	1920	Florence	1.5445544554455446
F	1930	Ann	1.5445544554455446
F	1940	Gillian	1.5445544554455446
F	1950	Jennifer	1.5445544554455446
F	1960	Wendy	1.5445544554455446
F	1970	Elizabeth	1.5445544554455446
F	1980	Joanne	1.5445544554455446
F	1990	Abigail	1.5445544554455446
F	1900	Mabel	1.5247524752475248
F	1910	Ellen	1.5247524752475248
F	1920	Phyllis	1.5247524752475248
F	1930	Irene	1.5247524752475248
F	1940	Linda	1.5247524752475248
F	1950	Valerie	1.5247524752475248
F	1960	Janet	1.5247524752475248
F	1970	Deborah	1.5247524752475248
F	1980	Lucy	1.5247524752475248
F	1990	Olivia	1.5247524752475248
F	1900	Ada	1.504950495049505
F	1910	Lily	1.504950495049505
F	1920	Lilian	1.504950495049505
F	1930	Janet	1.504950495049505
F	1940	Jacqueline	1.504950495049505
F	1950	Jean	1.504950495049505
F	1960	Dawn	1.504950495049505
F	1970	Donna	1.504950495049505
F	1980	Elizabeth	1.504950495049505
F	1990	Stephanie	1.504950495049505
F	1900	Beatrice	1.4851485148514851
F	1910	Olive	1.4851485148514851
F	1920	Hilda	1.4851485148514851
F	1930	Anne	1.4851485148514851
F	1940	Sylvia	1.4851485148514851
F	1950	Catherine	1.4851485148514851
F	1960	Christine	1.4851485148514851
F	1970	Tracey	1.4851485148514851
F	1980	Leanne	1.4851485148514851
F	1990	Elizabeth	1.4851485148514851
F	1900	Marjorie	1.4653465346534653
F	1910	Eileen	1.4653465346534653
F	1920	Olive	1.4653465346534653
F	1930	Rita	1.4653465346534653
F	1940	Carole	1.4653465346534653
F	1950	Julie	1.4653465346534653
F	1960	Nicola	1.4653465346534653
F	1970	Tracy	1.4653465346534653
F	1980	Danielle	1.4653465346534653
F	1990	Victoria	1.4653465346534653
F	1900	May	1.4455445544554455
F	1910	Evelyn	1.4455445544554455
F	1920	Annie	1.4455445544554455
F	1930	Pauline	1.4455445544554455
F	1940	Eileen	1.4455445544554455
F	1950	Kathleen	1.4455445544554455
F	1960	Gillian	1.4455445544554455
F	1970	Angela	1.4455445544554455
F	1980	Donna	1.4455445544554455
F	1990	Natasha	1.4455445544554455
F	1900	Rose	1.4257425742574257
F	1910	Joan	1.4257425742574257
F	1920	Violet	1.4257425742574257
F	1930	Mavis	1.4257425742574257
F	1940	Wendy	1.4257425742574257
F	1950	Denise	1.4257425742574257
F	1960	Sally	1.4257425742574257
F	1970	Jane	1.4257425742574257
F	1980	Katherine	1.4257425742574257
F	1990	Georgia	1.4257425742574257
F	1900	Olive	1.4059405940594059
F	1910	Rose	1.4059405940594059
F	1920	Alice	1.4059405940594059
F	1930	Iris	1.4059405940594059
F	1940	Judith	1.4059405940594059
F	1950	Maureen	1.4059405940594059
F	1960	Maria	1.4059405940594059
F	1970	Zoe	1.4059405940594059
F	1980	Clare	1.4059405940594059
F	1990	Zoe	1.4059405940594059
F	1900	Evelyn	1.386138613861386
F	1910	Sarah	1.386138613861386
F	1920	Patricia	1.386138613861386
F	1930	Marjorie	1.386138613861386
F	1940	Dorothy	1.386138613861386
F	1950	Judith	1.386138613861386
F	1960	Michelle	1.386138613861386
F	1970	Kerry	1.386138613861386
F	1980	Stephanie	1.386138613861386
F	1990	Natalie	1.386138613861386
F	1900	Phyllis	1.3663366336633664
F	1910	Nellie	1.3663366336633664
F	1920	Ivy	1.3663366336633664
F	1930	Valerie	1.3663366336633664
F	1940	June	1.3663366336633664
F	1950	Wendy	1.3663366336633664
F	1960	Debra	1.3663366336633664
F	1970	Melanie	1.3663366336633664
F	1980	Stacey	1.3663366336633664
F	1990	Eleanor	1.3663366336633664
F	1900	Gertrude	1.3465346534653466
F	1910	Beatrice	1.3465346534653466
F	1920	Muriel	1.3465346534653466
F	1930	Doris	1.3465346534653466
F	1940	Joyce	1.3465346534653466
F	1950	Diane	1.3465346534653466
F	1960	Paula	1.3465346534653466
F	1970	Sally	1.3465346534653466
F	1980	Lauren	1.3465346534653466
F	1990	Shannon	1.3465346534653466
F	1900	Catherine	1.3267326732673268
F	1910	Mabel	1.3267326732673268
F	1920	Iris	1.3267326732673268
F	1930	Marion	1.3267326732673268
F	1940	Irene	1.3267326732673268
F	1950	Sheila	1.3267326732673268
F	1960	Anne	1.3267326732673268
F	1970	Jennifer	1.3267326732673268
F	1980	Joanna	1.3267326732673268
F	1990	Paige	1.3267326732673268
F	1900	Agnes	1.306930693069307
F	1910	May	1.306930693069307
F	1920	Evelyn	1.306930693069307
F	1930	Marina	1.306930693069307
F	1940	Diane	1.306930693069307
F	1950	Janice	1.306930693069307
F	1960	Lorraine	1.306930693069307
F	1970	Dawn	1.306930693069307
F	1980	Kerry	1.306930693069307
F	1990	Georgina	1.306930693069307
F	1900	Jessie	1.2871287128712872
F	1910	Catherine	1.2871287128712872
F	1920	Peggy	1.2871287128712872
F	1930	Catherine	1.2871287128712872
F	1940	Rosemary	1.2871287128712872
F	1950	Lynn	1.2871287128712872
F	1960	Patricia	1.2871287128712872
F	1970	Andrea	1.2871287128712872
F	1980	Emily	1.2871287128712872
F	1990	Gemma	1.2871287128712872
F	1900	Frances	1.2673267326732673
F	1910	Frances	1.2673267326732673
F	1920	Catherine	1.2673267326732673
F	1930	Vera	1.2673267326732673
F	1940	Angela	1.2673267326732673
F	1950	Karen	1.2673267326732673
F	1960	Mary	1.2673267326732673
F	1970	Suzanne	1.2673267326732673
F	1980	Catherine	1.2673267326732673
F	1990	Nicole	1.2673267326732673
F	1900	Grace	1.2475247524752475
F	1910	Emily	1.2475247524752475
F	1920	Ethel	1.2475247524752475
F	1930	Josephine	1.2475247524752475
F	1940	Doreen	1.2475247524752475
F	1950	Yvonne	1.2475247524752475
F	1960	Denise	1.2475247524752475
F	1970	Lucy	1.2475247524752475
F	1980	Sophie	1.2475247524752475
F	1990	Chelsea	1.2475247524752475
F	1900	Irene	1.2277227722772277
F	1910	Ada	1.2277227722772277
F	1920	Beryl	1.2277227722772277
F	1930	Edna	1.2277227722772277
F	1940	Shirley	1.2277227722772277
F	1950	Lynne	1.2277227722772277
F	1960	Margaret	1.2277227722772277
F	1970	Joanna	1.2277227722772277
F	1980	Anna	1.2277227722772277
F	1990	Kirsty	1.2277227722772277
F	1900	Eva	1.2079207920792079
F	1910	Jessie	1.2079207920792079
F	1920	Gwendoline	1.2079207920792079
F	1930	Lilian	1.2079207920792079
F	1940	Marion	1.2079207920792079
F	1950	Shirley	1.2079207920792079
F	1960	Ann	1.2079207920792079
F	1970	Anna	1.2079207920792079
F	1980	Jessica	1.2079207920792079
F	1990	Alexandra	1.2079207920792079
F	1900	Constance	1.188118811881188
F	1910	Muriel	1.188118811881188
F	1920	Ellen	1.188118811881188
F	1930	Norma	1.188118811881188
F	1940	Rita	1.188118811881188
F	1950	Marion	1.188118811881188
F	1960	Beverley	1.188118811881188
F	1970	Charlotte	1.188118811881188
F	1980	Zoe	1.188118811881188
F	1990	Melissa	1.188118811881188
F	1900	Edna	1.1683168316831682
F	1910	Grace	1.1683168316831682
F	1920	Sylvia	1.1683168316831682
F	1930	Rosemary	1.1683168316831682
F	1940	Catherine	1.1683168316831682
F	1950	Maria	1.1683168316831682
F	1960	Donna	1.1683168316831682
F	1970	Paula	1.1683168316831682
F	1980	Kirsty	1.1683168316831682
F	1990	Jennifer	1.1683168316831682
F	1900	Jane	1.1485148514851484
F	1910	Agnes	1.1485148514851484
F	1920	Sheila	1.1485148514851484
F	1930	Phyllis	1.1485148514851484
F	1940	Yvonne	1.1485148514851484
F	1950	Rosemary	1.1485148514851484
F	1960	Elaine	1.1485148514851484
F	1970	Katherine	1.1485148514851484
F	1980	Kimberley	1.1485148514851484
F	1990	Hayley	1.1485148514851484
F	1900	Amy	1.1287128712871286
F	1910	Constance	1.1287128712871286
F	1920	Rose	1.1287128712871286
F	1930	Hazel	1.1287128712871286
F	1940	Josephine	1.1287128712871286
F	1950	Carole	1.1287128712871286
F	1960	Fiona	1.1287128712871286
F	1970	Maria	1.1287128712871286
F	1980	Kate	1.1287128712871286
F	1990	Louise	1.1287128712871286
F	1900	Vera	1.108910891089109
F	1910	Gwendoline	1.108910891089109
F	1920	Constance	1.108910891089109
F	1930	Evelyn	1.108910891089109
F	1940	Helen	1.108910891089109
F	1950	Joan	1.108910891089109
F	1960	Jennifer	1.108910891089109
F	1970	Marie	1.108910891089109
F	1980	Jenna	1.108910891089109
F	1990	Katherine	1.108910891089109
F	1900	Muriel	1.0891089108910892
F	1910	Gertrude	1.0891089108910892
F	1920	Frances	1.0891089108910892
F	1930	Edith	1.0891089108910892
F	1940	Beryl	1.0891089108910892
F	1950	Marilyn	1.0891089108910892
F	1960	Lesley	1.0891089108910892
F	1970	Fiona	1.0891089108910892
F	1980	Caroline	1.0891089108910892
F	1990	Jodie	1.0891089108910892
F	1900	Daisy	1.0693069306930694
F	1910	Nora	1.0693069306930694
F	1920	Lily	1.0693069306930694
F	1930	Olive	1.0693069306930694
F	1940	Hazel	1.0693069306930694
F	1950	June	1.0693069306930694
F	1960	Louise	1.0693069306930694
F	1970	Kelly	1.0693069306930694
F	1980	Natasha	1.0693069306930694
F	1990	Grace	1.0693069306930694
F	1900	Minnie	1.0495049504950495
F	1910	Eva	1.0495049504950495
F	1920	Freda	1.0495049504950495
F	1930	Winifred	1.0495049504950495
F	1940	Frances	1.0495049504950495
F	1950	Lorraine	1.0495049504950495
F	1960	Mandy	1.0495049504950495
F	1970	Natalie	1.0495049504950495
F	1980	Rachael	1.0495049504950495
F	1990	Anna	1.0495049504950495
F	1900	Maud	1.0297029702970297
F	1910	Joyce	1.0297029702970297
F	1920	Marion	1.0297029702970297
F	1930	Florence	1.0297029702970297
F	1940	Janice	1.0297029702970297
F	1950	Lynda	1.0297029702970297
F	1960	Tina	1.0297029702970297
F	1970	Kathryn	1.0297029702970297
F	1980	Amanda	1.0297029702970297
F	1990	Molly	1.0297029702970297
F	1900	Lucy	1.00990099009901
F	1910	Nancy	1.00990099009901
F	1920	Nancy	1.00990099009901
F	1930	Ruth	1.00990099009901
F	1940	Elaine	1.00990099009901
F	1950	Sally	1.00990099009901
F	1960	Jayne	1.00990099009901
F	1970	Jacqueline	1.00990099009901
F	1980	Kathryn	1.00990099009901
F	1990	Amber	1.00990099009901
F	1900	Emma	0.9900990099009901
F	1910	Jane	0.9900990099009901
F	1920	Grace	0.9900990099009901
F	1930	Elsie	0.9900990099009901
F	1940	Diana	0.9900990099009901
F	1950	Marian	0.9900990099009901
F	1960	Suzanne	0.9900990099009901
F	1970	Wendy	0.9900990099009901
F	1980	Karen	0.9900990099009901
F	1990	Jasmine	0.9900990099009901
F	1900	Eleanor	0.9702970297029703
F	1910	Freda	0.9702970297029703
F	1920	Beatrice	0.9702970297029703
F	1930	Muriel	0.9702970297029703
F	1940	Veronica	0.9702970297029703
F	1950	Brenda	0.9702970297029703
F	1960	Andrea	0.9702970297029703
F	1970	Sara	0.9702970297029703
F	1980	Alexandra	0.9702970297029703
F	1990	Kayleigh	0.9702970297029703
F	1900	Louisa	0.9504950495049505
F	1910	Barbara	0.9504950495049505
F	1920	Sarah	0.9504950495049505
F	1930	Marie	0.9504950495049505
F	1940	Jane	0.9504950495049505
F	1950	Alison	0.9504950495049505
F	1960	Pauline	0.9504950495049505
F	1970	Hayley	0.9504950495049505
F	1980	Jodie	0.9504950495049505
F	1990	Kelly	0.9504950495049505
F	1900	Dora	0.9306930693069307
F	1910	Daisy	0.9306930693069307
F	1920	Agnes	0.9306930693069307
F	1930	Daphne	0.9306930693069307
F	1940	Marilyn	0.9306930693069307
F	1950	Teresa	0.9306930693069307
F	1960	Lisa	0.9306930693069307
F	1970	Laura	0.9306930693069307
F	1980	Alison	0.9306930693069307
F	1990	Harriet	0.9306930693069307
F	1900	Nora	0.9108910891089109
F	1910	Anne	0.9108910891089109
F	1920	Ruth	0.9108910891089109
F	1930	Frances	0.9108910891089109
F	1940	Lesley	0.9108910891089109
F	1950	Julia	0.9108910891089109
F	1960	Claire	0.9108910891089109
F	1970	Natasha	0.9108910891089109
F	1980	Sara	0.9108910891089109
F	1990	Ashleigh	0.9108910891089109
F	1900	Gwendoline	0.8910891089108911
F	1910	Norah	0.8910891089108911
F	1920	May	0.8910891089108911
F	1930	Christine	0.8910891089108911
F	1940	Norma	0.8910891089108911
F	1950	Heather	0.8910891089108911
F	1960	Kim	0.8910891089108911
F	1970	Ruth	0.8910891089108911
F	1980	Jemma	0.8910891089108911
F	1990	Catherine	0.8910891089108911
F	1900	Helen	0.8712871287128713
F	1910	Amy	0.8712871287128713
F	1920	Nora	0.8712871287128713
F	1930	Thelma	0.8712871287128713
F	1940	Maria	0.8712871287128713
F	1950	Marie	0.8712871287128713
F	1960	Julia	0.8712871287128713
F	1970	Lorraine	0.8712871287128713
F	1980	Carly	0.8712871287128713
F	1990	Leah	0.8712871287128713
F	1900	Ida	0.8514851485148515
F	1910	Iris	0.8514851485148515
F	1920	Brenda	0.8514851485148515
F	1930	Gladys	0.8514851485148515
F	1940	Heather	0.8514851485148515
F	1950	Eileen	0.8514851485148515
F	1960	Teresa	0.8514851485148515
F	1970	Tina	0.8514851485148515
F	1980	Heather	0.8514851485148515
F	1990	Nicola	0.8514851485148515
F	1900	Clara	0.8316831683168316
F	1910	Dora	0.8316831683168316
F	1920	Jessie	0.8316831683168316
F	1930	Maria	0.8316831683168316
F	1940	Gloria	0.8316831683168316
F	1950	Deborah	0.8316831683168316
F	1960	Heather	0.8316831683168316
F	1970	Rachael	0.8316831683168316
F	1980	Holly	0.8316831683168316
F	1990	Francesca	0.8316831683168316
F	1900	Hannah	0.8118811881188119
F	1910	Helen	0.8118811881188119
F	1920	Pamela	0.8118811881188119
F	1930	Gwendoline	0.8118811881188119
F	1940	Marie	0.8118811881188119
F	1950	Kathryn	0.8118811881188119
F	1960	Kathryn	0.8118811881188119
F	1970	Anne	0.8118811881188119
F	1980	Ruth	0.8118811881188119
F	1990	Naomi	0.8118811881188119
F	1900	Anne	0.7920792079207921
F	1910	Lucy	0.7920792079207921
F	1920	Anne	0.7920792079207921
F	1930	Hilda	0.7920792079207921
F	1940	Marjorie	0.7920792079207921
F	1950	Hilary	0.7920792079207921
F	1960	Lynn	0.7920792079207921
F	1970	Stephanie	0.7920792079207921
F	1980	Fiona	0.7920792079207921
F	1990	Kate	0.7920792079207921
F	1900	Norah	0.7722772277227723
F	1910	Ruth	0.7722772277227723
F	1920	Helen	0.7722772277227723
F	1930	Violet	0.7722772277227723
F	1940	Hilary	0.7722772277227723
F	1950	Caroline	0.7722772277227723
F	1960	Ruth	0.7722772277227723
F	1970	Kirsty	0.7722772277227723
F	1980	Melissa	0.7722772277227723
F	1990	Abbie	0.7722772277227723
F	1900	Kate	0.7524752475247525
F	1910	Marion	0.7524752475247525
F	1920	Marie	0.7524752475247525
F	1930	Helen	0.7524752475247525
F	1940	Jill	0.7524752475247525
F	1950	Sharon	0.7524752475247525
F	1960	Yvonne	0.7524752475247525
F	1970	Christine	0.7524752475247525
F	1980	Angela	0.7524752475247525
F	1990	Claire	0.7524752475247525
F	1900	Martha	0.7326732673267327
F	1910	Maud	0.7326732673267327
F	1920	Mabel	0.7326732673267327
F	1930	Rose	0.7326732673267327
F	1940	Cynthia	0.7326732673267327
F	1950	Sylvia	0.7326732673267327
F	1960	Judith	0.7326732673267327
F	1970	Julia	0.7326732673267327
F	1980	Suzanne	0.7326732673267327
F	1990	Leanne	0.7326732673267327
F	1900	Bertha	0.7128712871287128
F	1910	Betty	0.7128712871287128
F	1920	Eva	0.7128712871287128
F	1930	Cynthia	0.7128712871287128
F	1940	Ruth	0.7128712871287128
F	1950	Ruth	0.7128712871287128
F	1960	Melanie	0.7128712871287128
F	1970	Gillian	0.7128712871287128
F	1980	Katy	0.7128712871287128
F	1990	Rachael	0.7128712871287128
F	1900	Lillian	0.693069306930693
F	1910	Minnie	0.693069306930693
F	1920	Maria	0.693069306930693
F	1930	Alice	0.693069306930693
F	1940	Mavis	0.693069306930693
F	1950	Irene	0.693069306930693
F	1960	Marie	0.693069306930693
F	1970	Cheryl	0.693069306930693
F	1980	Marie	0.693069306930693
F	1990	Rosie	0.693069306930693
F	1900	Ann	0.6732673267326733
F	1910	Eleanor	0.6732673267326733
F	1920	Ruby	0.6732673267326733
F	1930	Gillian	0.6732673267326733
F	1940	Audrey	0.6732673267326733
F	1950	Dorothy	0.6732673267326733
F	1960	Pamela	0.6732673267326733
F	1970	Hannah	0.6732673267326733
F	1980	Naomi	0.6732673267326733
F	1990	Aimee	0.6732673267326733
F	1900	Marion	0.6534653465346535
F	1910	Ruby	0.6534653465346535
F	1920	Nellie	0.6534653465346535
F	1930	Enid	0.6534653465346535
F	1940	Marlene	0.6534653465346535
F	1950	Sarah	0.6534653465346535
F	1960	Carole	0.6534653465346535
F	1970	Vanessa	0.6534653465346535
F	1980	Cheryl	0.6534653465346535
F	1990	Ellie	0.6534653465346535
F	1900	Bessie	0.6336633663366337
F	1910	Ida	0.6336633663366337
F	1920	Hazel	0.6336633663366337
F	1930	Annie	0.6336633663366337
F	1940	Betty	0.6336633663366337
F	1950	Frances	0.6336633663366337
F	1960	Barbara	0.6336633663366337
F	1970	Ann	0.6336633663366337
F	1980	Melanie	0.6336633663366337
F	1990	Sian	0.6336633663366337
F	1900	Eileen	0.6138613861386139
F	1910	Hannah	0.6138613861386139
F	1920	Emily	0.6138613861386139
F	1930	Yvonne	0.6138613861386139
F	1940	Julia	0.6138613861386139
F	1950	Josephine	0.6138613861386139
F	1960	Gail	0.6138613861386139
F	1970	Jayne	0.6138613861386139
F	1980	Sally	0.6138613861386139
F	1990	Kimberley	0.6138613861386139
F	1900	Laura	0.594059405940594
F	1910	Lillian	0.594059405940594
F	1920	Josephine	0.594059405940594
F	1930	Freda	0.594059405940594
F	1940	Evelyn	0.594059405940594
F	1950	Jill	0.594059405940594
F	1960	Lynne	0.594059405940594
F	1970	Diane	0.594059405940594
F	1980	Julie	0.594059405940594
F	1990	Lydia	0.594059405940594
F	1900	Mildred	0.5742574257425742
F	1910	Ann	0.5742574257425742
F	1920	Daphne	0.5742574257425742
F	1930	Ellen	0.5742574257425742
F	1940	Penelope	0.5742574257425742
F	1950	Joyce	0.5742574257425742
F	1960	Clare	0.5742574257425742
F	1970	Heather	0.5742574257425742
F	1980	Charlene	0.5742574257425742
F	1990	Hollie	0.5742574257425742
F	1900	Ruth	0.5544554455445545
F	1910	Louisa	0.5544554455445545
F	1920	Jane	0.5544554455445545
F	1930	Ivy	0.5544554455445545
F	1940	Lynda	0.5544554455445545
F	1950	Hazel	0.5544554455445545
F	1960	Janice	0.5544554455445545
F	1970	Sandra	0.5544554455445545
F	1980	Jade	0.5544554455445545
F	1990	Stacey	0.5544554455445545
F	1900	Isabella	0.5346534653465347
F	1910	Bessie	0.5346534653465347
F	1920	Ada	0.5346534653465347
F	1930	Jane	0.5346534653465347
F	1940	Christina	0.5346534653465347
F	1950	Annette	0.5346534653465347
F	1960	Rachel	0.5346534653465347
F	1970	Teresa	0.5346534653465347
F	1980	Sian	0.5346534653465347
F	1990	Bethan	0.5346534653465347
F	1900	Charlotte	0.5148514851485149
F	1910	Jean	0.5148514851485149
F	1920	Pauline	0.5148514851485149
F	1930	Peggy	0.5148514851485149
F	1940	Jeanette	0.5148514851485149
F	1950	Beverley	0.5148514851485149
F	1960	Jill	0.5148514851485149
F	1970	Kate	0.5148514851485149
F	1980	Tracey	0.5148514851485149
F	1990	Amelia	0.5148514851485149
F	1900	Esther	0.49504950495049505
F	1910	Clara	0.49504950495049505
F	1920	Ann	0.49504950495049505
F	1930	Sarah	0.49504950495049505
F	1940	Carolyn	0.49504950495049505
F	1950	Gail	0.49504950495049505
F	1960	Katherine	0.49504950495049505
F	1970	Linda	0.49504950495049505
F	1980	Eleanor	0.49504950495049505
F	1990	Beth	0.49504950495049505
F	1900	Ruby	0.4752475247524752
F	1910	Marie	0.4752475247524752
F	1920	Enid	0.4752475247524752
F	1930	Marlene	0.4752475247524752
F	1940	Iris	0.4752475247524752
F	1950	Rita	0.4752475247524752
F	1960	Kathleen	0.4752475247524752
F	1970	Mary	0.4752475247524752
F	1980	Deborah	0.4752475247524752
F	1990	Kathryn	0.4752475247524752
F	1900	Harriet	0.45544554455445546
F	1910	Doreen	0.45544554455445546
F	1920	Gertrude	0.45544554455445546
F	1930	Nancy	0.45544554455445546
F	1940	Anita	0.45544554455445546
F	1950	Geraldine	0.45544554455445546
F	1960	Shirley	0.45544554455445546
F	1970	Elaine	0.45544554455445546
F	1980	Maria	0.45544554455445546
F	1990	Heather	0.45544554455445546
F	1900	Marie	0.43564356435643564
F	1910	Emma	0.43564356435643564
F	1920	Rita	0.43564356435643564
F	1930	Bridget	0.43564356435643564
F	1940	Denise	0.43564356435643564
F	1950	Diana	0.43564356435643564
F	1960	Annette	0.43564356435643564
F	1970	Georgina	0.43564356435643564
F	1980	Lindsey	0.43564356435643564
F	1990	Lisa	0.43564356435643564
F	1900	Maria	0.4158415841584158
F	1910	Mildred	0.4158415841584158
F	1920	June	0.4158415841584158
F	1930	Diana	0.4158415841584158
F	1940	Kay	0.4158415841584158
F	1950	Carolyn	0.4158415841584158
F	1960	Carolyn	0.4158415841584158
F	1970	Emily	0.4158415841584158
F	1980	Abigail	0.4158415841584158
F	1990	Helen	0.4158415841584158
F	1900	Caroline	0.39603960396039606
F	1910	Isabella	0.39603960396039606
F	1920	Stella	0.39603960396039606
F	1930	Grace	0.39603960396039606
F	1940	Marian	0.39603960396039606
F	1950	Christina	0.39603960396039606
F	1960	Anna	0.39603960396039606
F	1970	Katie	0.39603960396039606
F	1980	Lindsay	0.39603960396039606
F	1990	Ella	0.39603960396039606
F	1900	Barbara	0.37623762376237624
F	1910	Sylvia	0.37623762376237624
F	1920	Norah	0.37623762376237624
F	1930	Teresa	0.37623762376237624
F	1940	Vera	0.37623762376237624
F	1950	Penelope	0.37623762376237624
F	1960	Sara	0.37623762376237624
F	1970	Alexandra	0.37623762376237624
F	1980	Susan	0.37623762376237624
F	1990	Robyn	0.37623762376237624
F	1900	Eliza	0.3564356435643564
F	1910	Esther	0.3564356435643564
F	1920	Mavis	0.3564356435643564
F	1930	Veronica	0.3564356435643564
F	1940	Teresa	0.3564356435643564
F	1950	Jeanette	0.3564356435643564
F	1960	Valerie	0.3564356435643564
F	1970	Nichola	0.3564356435643564
F	1980	Alice	0.3564356435643564
F	1990	Chantelle	0.3564356435643564
F	1900	Rosina	0.33663366336633666
F	1910	Martha	0.33663366336633666
F	1920	Thelma	0.33663366336633666
F	1930	Agnes	0.33663366336633666
F	1940	Georgina	0.33663366336633666
F	1950	Suzanne	0.33663366336633666
F	1960	Cheryl	0.33663366336633666
F	1970	Carol	0.33663366336633666
F	1980	Georgina	0.33663366336633666
F	1990	Ellen	0.33663366336633666
F	1900	Amelia	0.31683168316831684
F	1910	Bertha	0.31683168316831684
F	1920	Mildred	0.31683168316831684
F	1930	Angela	0.31683168316831684
F	1940	Sally	0.31683168316831684
F	1950	Amanda	0.31683168316831684
F	1960	Jeanette	0.31683168316831684
F	1970	Sophie	0.31683168316831684
F	1980	Aimee	0.31683168316831684
F	1990	Daisy	0.31683168316831684
F	1900	Freda	0.297029702970297
F	1910	Audrey	0.297029702970297
F	1920	Bridget	0.297029702970297
F	1930	Constance	0.297029702970297
F	1940	Sarah	0.297029702970297
F	1950	Dawn	0.297029702970297
F	1960	Kay	0.297029702970297
F	1970	Heidi	0.297029702970297
F	1980	Jane	0.297029702970297
F	1990	Demi	0.297029702970297
F	1900	Millicent	0.27722772277227725
F	1910	Laura	0.27722772277227725
F	1920	Monica	0.27722772277227725
F	1930	Jennifer	0.27722772277227725
F	1940	Bridget	0.27722772277227725
F	1950	Theresa	0.27722772277227725
F	1960	Anita	0.27722772277227725
F	1970	Kim	0.27722772277227725
F	1980	Kim	0.27722772277227725
F	1990	Courtney	0.27722772277227725
F	1900	Janet	0.25742574257425743
F	1910	Margery	0.25742574257425743
F	1920	Daisy	0.25742574257425743
F	1930	Marian	0.25742574257425743
F	1940	Lilian	0.25742574257425743
F	1950	Anna	0.25742574257425743
F	1960	Maxine	0.25742574257425743
F	1970	Tanya	0.25742574257425743
F	1980	Carla	0.25742574257425743
F	1990	Gabrielle	0.25742574257425743
F	1900	Fanny	0.2376237623762376
F	1910	Rosina	0.2376237623762376
F	1920	Eleanor	0.2376237623762376
F	1930	Jill	0.2376237623762376
F	1940	Monica	0.2376237623762376
F	1950	Joy	0.2376237623762376
F	1960	Frances	0.2376237623762376
F	1970	Patricia	0.2376237623762376
F	1980	Christine	0.2376237623762376
F	1990	Yasmin	0.2376237623762376
F	1900	Joan	0.21782178217821782
F	1910	Maria	0.21782178217821782
F	1920	Lillian	0.21782178217821782
F	1930	Wendy	0.21782178217821782
F	1940	Joy	0.21782178217821782
F	1950	Doreen	0.21782178217821782
F	1960	Joanna	0.21782178217821782
F	1970	Beverley	0.21782178217821782
F	1980	Dawn	0.21782178217821782
F	1990	Lily	0.21782178217821782
F	1900	Lydia	0.19801980198019803
F	1910	Janet	0.19801980198019803
F	1920	Alma	0.19801980198019803
F	1930	Ethel	0.19801980198019803
F	1940	Glenys	0.19801980198019803
F	1950	Fiona	0.19801980198019803
F	1960	Theresa	0.19801980198019803
F	1970	Leanne	0.19801980198019803
F	1980	Tanya	0.19801980198019803
F	1990	Rhiannon	0.19801980198019803
F	1900	Iris	0.1782178217821782
F	1910	Bridget	0.1782178217821782
F	1920	Lucy	0.1782178217821782
F	1930	Joy	0.1782178217821782
F	1940	Julie	0.1782178217821782
F	1950	Cheryl	0.1782178217821782
F	1960	Debbie	0.1782178217821782
F	1970	Denise	0.1782178217821782
F	1980	Jenny	0.1782178217821782
F	1990	Maria	0.1782178217821782
F	1900	Blanche	0.15841584158415842
F	1910	Beryl	0.15841584158415842
F	1920	Dora	0.15841584158415842
F	1930	Jacqueline	0.15841584158415842
F	1940	Vivienne	0.15841584158415842
F	1950	Kay	0.15841584158415842
F	1960	Lynda	0.15841584158415842
F	1970	Tara	0.15841584158415842
F	1980	Andrea	0.15841584158415842
F	1990	Kerry	0.15841584158415842
F	1900	Miriam	0.13861386138613863
F	1910	Enid	0.13861386138613863
F	1920	Christine	0.13861386138613863
F	1930	Gloria	0.13861386138613863
F	1940	Daphne	0.13861386138613863
F	1950	Glynis	0.13861386138613863
F	1960	Maureen	0.13861386138613863
F	1970	Clair	0.13861386138613863
F	1980	Lyndsey	0.13861386138613863
F	1990	Imogen	0.13861386138613863
F	1900	Jean	0.1188118811881188
F	1910	Josephine	0.1188118811881188
F	1920	Maureen	0.1188118811881188
F	1930	Lily	0.1188118811881188
F	1940	Caroline	0.1188118811881188
F	1950	Anita	0.1188118811881188
F	1960	Rosemary	0.1188118811881188
F	1970	Sonia	0.1188118811881188
F	1980	Jacqueline	0.1188118811881188
F	1990	Rebekah	0.1188118811881188
F	1900	Rachel	0.09900990099009901
F	1910	Charlotte	0.09900990099009901
F	1920	Janet	0.09900990099009901
F	1930	Molly	0.09900990099009901
F	1940	Phyllis	0.09900990099009901
F	1950	Stephanie	0.09900990099009901
F	1960	Michele	0.09900990099009901
F	1970	Debbie	0.09900990099009901
F	1980	Lynsey	0.09900990099009901
F	1990	Jordan	0.09900990099009901
F	1900	Ella	0.07920792079207921
F	1910	Kate	0.07920792079207921
F	1920	Rosemary	0.07920792079207921
F	1930	Heather	0.07920792079207921
F	1940	Gwendoline	0.07920792079207921
F	1950	Nicola	0.07920792079207921
F	1960	Laura	0.07920792079207921
F	1970	Lesley	0.07920792079207921
F	1980	Chloe	0.07920792079207921
F	1990	Joanna	0.07920792079207921
F	1900	Margery	0.0594059405940594
F	1910	Amelia	0.0594059405940594
F	1920	Hannah	0.0594059405940594
F	1930	May	0.0594059405940594
F	1940	Geraldine	0.0594059405940594
F	1950	Veronica	0.0594059405940594
F	1960	Rebecca	0.0594059405940594
F	1970	Anita	0.0594059405940594
F	1980	Mary	0.0594059405940594
F	1990	Caitlin	0.0594059405940594
F	1900	Christina	0.039603960396039604
F	1910	Patricia	0.039603960396039604
F	1920	Sybil	0.039603960396039604
F	1930	Monica	0.039603960396039604
F	1940	Doris	0.039603960396039604
F	1950	Andrea	0.039603960396039604
F	1960	Sheila	0.039603960396039604
F	1970	Lindsey	0.039603960396039604
F	1980	Leah	0.039603960396039604
F	1990	Jemma	0.039603960396039604
F	1900	Nancy	0.019801980198019802
F	1910	Millicent	0.019801980198019802
F	1920	Amy	0.019801980198019802
F	1930	Judith	0.019801980198019802
F	1940	Muriel	0.019801980198019802
F	1950	Audrey	0.019801980198019802
F	1960	Stephanie	0.019801980198019802
F	1970	Debra	0.019801980198019802
F	1980	Toni	0.019801980198019802
F	1990	Toni	0.019801980198019802
